topology,round,rmse_disagreement
Fully connected,0,0.7830827028981137
Fully connected,1,4.5775667985222376e-17
Fully connected,2,4.2998752849492583e-17
Fully connected,3,4.154074181055225e-17
Fully connected,4,4.154074181055225e-17
Fully connected,5,4.154074181055225e-17
Fully connected,6,4.154074181055225e-17
Fully connected,7,4.154074181055225e-17
Fully connected,8,4.154074181055225e-17
Fully connected,9,4.154074181055225e-17
Fully connected,10,4.154074181055225e-17
Fully connected,11,4.154074181055225e-17
Fully connected,12,4.154074181055225e-17
Fully connected,13,4.154074181055225e-17
Fully connected,14,4.154074181055225e-17
Fully connected,15,4.154074181055225e-17
Fully connected,16,4.154074181055225e-17
Fully connected,17,4.154074181055225e-17
Fully connected,18,4.154074181055225e-17
Fully connected,19,4.154074181055225e-17
Fully connected,20,4.154074181055225e-17
Fully connected,21,4.154074181055225e-17
Fully connected,22,4.154074181055225e-17
Fully connected,23,4.154074181055225e-17
Fully connected,24,4.154074181055225e-17
Fully connected,25,4.154074181055225e-17
Fully connected,26,4.154074181055225e-17
Fully connected,27,4.154074181055225e-17
Fully connected,28,4.154074181055225e-17
Fully connected,29,4.154074181055225e-17
Fully connected,30,4.154074181055225e-17
Fully connected,31,4.154074181055225e-17
Fully connected,32,4.154074181055225e-17
Fully connected,33,4.154074181055225e-17
Fully connected,34,4.154074181055225e-17
Fully connected,35,4.154074181055225e-17
Fully connected,36,4.154074181055225e-17
Fully connected,37,4.154074181055225e-17
Fully connected,38,4.154074181055225e-17
Fully connected,39,4.154074181055225e-17
Fully connected,40,4.154074181055225e-17
Fully connected,41,4.154074181055225e-17
Fully connected,42,4.154074181055225e-17
Fully connected,43,4.154074181055225e-17
Fully connected,44,4.154074181055225e-17
Fully connected,45,4.154074181055225e-17
Fully connected,46,4.154074181055225e-17
Fully connected,47,4.154074181055225e-17
Fully connected,48,4.154074181055225e-17
Fully connected,49,4.154074181055225e-17
Fully connected,50,4.154074181055225e-17
Fully connected,51,4.154074181055225e-17
Fully connected,52,4.154074181055225e-17
Fully connected,53,4.154074181055225e-17
Fully connected,54,4.154074181055225e-17
Fully connected,55,4.154074181055225e-17
Fully connected,56,4.154074181055225e-17
Fully connected,57,4.154074181055225e-17
Fully connected,58,4.154074181055225e-17
Fully connected,59,4.154074181055225e-17
Fully connected,60,4.154074181055225e-17
Torus (5 x 5),0,0.7830827028981137
Torus (5 x 5),1,0.3273868365233307
Torus (5 x 5),2,0.19921558155541544
Torus (5 x 5),3,0.13297190078173
Torus (5 x 5),4,0.09302033419807224
Torus (5 x 5),5,0.06641292509242111
Torus (5 x 5),6,0.047807408366841136
Torus (5 x 5),7,0.034524667084631706
Torus (5 x 5),8,0.024963168781982556
Torus (5 x 5),9,0.01805823360407893
Torus (5 x 5),10,0.01306559966155346
Torus (5 x 5),11,0.00945395292107873
Torus (5 x 5),12,0.0068408329866922355
Torus (5 x 5),13,0.004950042402257328
Torus (5 x 5),14,0.00358187580489575
Torus (5 x 5),15,0.0025918673244418383
Torus (5 x 5),16,0.0018754921634624212
Torus (5 x 5),17,0.0013571186985740355
Torus (5 x 5),18,0.0009820202658815398
Torus (5 x 5),19,0.0007105965261667312
Torus (5 x 5),20,0.000514192472990419
Torus (5 x 5),21,0.00037207316775706947
Torus (5 x 5),22,0.00026923467315898323
Torus (5 x 5),23,0.00019482003960757176
Torus (5 x 5),24,0.00014097310497576576
Torus (5 x 5),25,0.00010200909705425204
Torus (5 x 5),26,7.381447605909782e-05
Torus (5 x 5),27,5.341265664824535e-05
Torus (5 x 5),28,3.8649761436414506e-05
Torus (5 x 5),29,2.7967230106763988e-05
Torus (5 x 5),30,2.0237277819480907e-05
Torus (5 x 5),31,1.4643831798143081e-05
Torus (5 x 5),32,1.0596376234239985e-05
Torus (5 x 5),33,7.667609874607362e-06
Torus (5 x 5),34,5.548334627752821e-06
Torus (5 x 5),35,4.0148126528468125e-06
Torus (5 x 5),36,2.90514572728878e-06
Torus (5 x 5),37,2.1021831967236812e-06
Torus (5 x 5),38,1.5211540512596957e-06
Torus (5 x 5),39,1.1007174119230985e-06
Torus (5 x 5),40,7.964866016765658e-07
Torus (5 x 5),41,5.763431192791615e-07
Torus (5 x 5),42,4.1704579894573584e-07
Torus (5 x 5),43,3.017771750853411e-07
Torus (5 x 5),44,2.1836801529473805e-07
Torus (5 x 5),45,1.5801258027539438e-07
Torus (5 x 5),46,1.1433897721908017e-07
Torus (5 x 5),47,8.273646115704896e-08
Torus (5 x 5),48,5.986866571858851e-08
Torus (5 x 5),49,4.332137348852741e-08
Torus (5 x 5),50,3.134764034414431e-08
Torus (5 x 5),51,2.2683365650158663e-08
Torus (5 x 5),52,1.641383756904617e-08
Torus (5 x 5),53,1.1877164436856317e-08
Torus (5 x 5),54,8.594396931490035e-09
Torus (5 x 5),55,6.2189640373494135e-09
Torus (5 x 5),56,4.500084661320479e-09
Torus (5 x 5),57,3.256291847150415e-09
Torus (5 x 5),58,2.3562749121734207e-09
Torus (5 x 5),59,1.7050165429202942e-09
Torus (5 x 5),60,1.2337615645881994e-09
Binary tree,0,0.7830827028981137
Binary tree,1,0.5561378839541717
Binary tree,2,0.47885439547501935
Binary tree,3,0.4292293293215299
Binary tree,4,0.39349385516714397
Binary tree,5,0.36635588853121964
Binary tree,6,0.344835209948915
Binary tree,7,0.32709804682008503
Binary tree,8,0.31199459303602606
Binary tree,9,0.2987969060425515
Binary tree,10,0.28703775835682066
Binary tree,11,0.27641081685828034
Binary tree,12,0.2667091614888832
Binary tree,13,0.2577876481992527
Binary tree,14,0.24953996213227347
Binary tree,15,0.24188464971906212
Binary tree,16,0.23475660723846
Binary tree,17,0.22810187231333545
Binary tree,18,0.22187440988320503
Binary tree,19,0.21603410107547555
Binary tree,20,0.2105454575605933
Binary tree,21,0.20537677411739713
Binary tree,22,0.2004995468831364
Binary tree,23,0.19588805386900626
Binary tree,24,0.19151903587025562
Binary tree,25,0.18737144083629345
Binary tree,26,0.1834262097000851
Binary tree,27,0.17966609058250027
Binary tree,28,0.1760754735872668
Binary tree,29,0.17264024153225194
Binary tree,30,0.16934763379429088
Binary tree,31,0.16618612150258033
Binary tree,32,0.1631452929157214
Binary tree,33,0.16021574814977474
Binary tree,34,0.15738900260299266
Binary tree,35,0.15465739851503996
Binary tree,36,0.15201402414451337
Binary tree,37,0.14945264007166645
Binary tree,38,0.14696761214657986
Binary tree,39,0.14455385061371304
Binary tree,40,0.1422067549553947
Binary tree,41,0.1399221640108617
Binary tree,42,0.1376963109443052
Binary tree,43,0.13552578265478285
Binary tree,44,0.13340748324228707
Binary tree,45,0.13133860116710636
Binary tree,46,0.1293165797632748
Binary tree,47,0.1273390907908282
Binary tree,48,0.12540401073531965
Binary tree,49,0.12350939958622037
Binary tree,50,0.12165348184816613
Binary tree,51,0.11983462956029653
Binary tree,52,0.11805134711904058
Binary tree,53,0.11630225771853944
Binary tree,54,0.11458609124043012
Binary tree,55,0.11290167344093718
Binary tree,56,0.11124791629815514
Binary tree,57,0.10962380939609571
Binary tree,58,0.10802841223457453
Binary tree,59,0.10646084736539066
Binary tree,60,0.10492029426557523
Stochastic block model,0,0.7830827028981137
Stochastic block model,1,0.40809957430667493
Stochastic block model,2,0.3037519144027841
Stochastic block model,3,0.24444271430653244
Stochastic block model,4,0.20258631140100136
Stochastic block model,5,0.17028254969130355
Stochastic block model,6,0.14416908697771566
Stochastic block model,7,0.12252062680148075
Stochastic block model,8,0.10432879457072948
Stochastic block model,9,0.08893121839476383
Stochastic block model,10,0.07584887149152861
Stochastic block model,11,0.06471097469456985
Stochastic block model,12,0.05521809230313168
Stochastic block model,13,0.04712238584211081
Stochastic block model,14,0.040215894411454935
Stochastic block model,15,0.03432280153667296
Stochastic block model,16,0.02929385194624686
Stochastic block model,17,0.02500204900319056
Stochastic block model,18,0.021339196525900807
Stochastic block model,19,0.01821304805678288
Stochastic block model,20,0.015544922154514558
Stochastic block model,21,0.01326769072312174
Stochastic block model,22,0.011324073859123988
Stochastic block model,23,0.009665190501912784
Stochastic block model,24,0.008249324513479414
Stochastic block model,25,0.007040873153961531
Stochastic block model,26,0.006009450470300163
Stochastic block model,27,0.005129122503113283
Stochastic block model,28,0.004377754787302688
Stochastic block model,29,0.0037364555805160745
Stochastic block model,30,0.0031891007328632387
Stochastic block model,31,0.0027219282032330855
Stochastic block model,32,0.0023231920001814672
Stochastic block model,33,0.0019828668313536762
Stochastic block model,34,0.0016923960269860407
Stochastic block model,35,0.0014444763947753442
Stochastic block model,36,0.0012328745940535164
Stochastic block model,37,0.0010522704108697674
Stochastic block model,38,0.0008981229926158969
Stochastic block model,39,0.0007665566784765901
Stochastic block model,40,0.0006542635548959305
Stochastic block model,41,0.0005584202858866503
Stochastic block model,42,0.00047661712698662166
Stochastic block model,43,0.00040679733803651407
Stochastic block model,44,0.00034720547142938165
Stochastic block model,45,0.0002963432356481126
Stochastic block model,46,0.000252931824377297
Stochastic block model,47,0.00021587976404068883
Stochastic block model,48,0.00018425547136639468
Stochastic block model,49,0.00015726383100459745
Stochastic block model,50,0.00013422620429835713
Stochastic block model,51,0.00011456336657630994
Stochastic block model,52,9.778094396708176e-05
Stochastic block model,53,8.345698357930318e-05
Stochastic block model,54,7.123134452995976e-05
Stochastic block model,55,6.0796643084251044e-05
Stochastic block model,56,5.1890524244787934e-05
Stochastic block model,57,4.42890654780165e-05
Stochastic block model,58,3.78011467308501e-05
Stochastic block model,59,3.226364518522078e-05
Stochastic block model,60,2.753733393459068e-05
